L1,Tickets & Passes,L2,,L3,,L4,
21912,Tickets & Passes,21516,Shows & Performances,20214,Flamenco Performance,,
21912,Tickets & Passes,21516,Shows & Performances,20219,Jazz Shows,,
21912,Tickets & Passes,21516,Shows & Performances,20225,Light & Sound Shows,,
21912,Tickets & Passes,21516,Shows & Performances,21765,Shows,,
21912,Tickets & Passes,21516,Shows & Performances,20203,Ballet Tickets,,
21912,Tickets & Passes,21516,Shows & Performances,21774,Fashion Shows,,
21912,Tickets & Passes,21516,Shows & Performances,20207,Classical Music,,
21912,Tickets & Passes,21516,Shows & Performances,21777,Fireworks Shows,,
21912,Tickets & Passes,21516,Shows & Performances,11925,Adults-only Shows,,
21912,Tickets & Passes,21516,Shows & Performances,20230,Opera Performances,,
21912,Tickets & Passes,21516,Shows & Performances,21700,Zumba Dance Shows,,
21912,Tickets & Passes,21516,Shows & Performances,11908,Theater Shows,,
21912,Tickets & Passes,21516,Shows & Performances,11907,Comedy Shows,,
21912,Tickets & Passes,21516,Shows & Performances,11917,Family-friendly Shows,,
21912,Tickets & Passes,21516,Shows & Performances,21662,Classical Concerts,,
21912,Tickets & Passes,21516,Shows & Performances,21660,Acoustic Concerts,,
21912,Tickets & Passes,21516,Shows & Performances,21677,Ballroom Dance Shows,,
21912,Tickets & Passes,21516,Shows & Performances,21672,Rap & Hip-Hop Concerts,,
21912,Tickets & Passes,21516,Shows & Performances,21671,R&B/Soul Concerts,,
21912,Tickets & Passes,21516,Shows & Performances,21678,Belly Dance Shows,,
21912,Tickets & Passes,21516,Shows & Performances,21628,Musicals,,
21912,Tickets & Passes,21516,Shows & Performances,21624,Live Concerts,,
21912,Tickets & Passes,21516,Shows & Performances,21608,Circus Shows,,
21912,Tickets & Passes,21516,Shows & Performances,21607,Children's Shows & Concerts,,
21912,Tickets & Passes,21516,Shows & Performances,21605,Burlesque Shows,,
21912,Tickets & Passes,21516,Shows & Performances,21609,Concerts,,
21912,Tickets & Passes,21516,Shows & Performances,21687,Foxtrot Dance Shows,,
21912,Tickets & Passes,21516,Shows & Performances,21689,Kizomba Dance Shows,,
21912,Tickets & Passes,21516,Shows & Performances,21697,Tap Dance Shows,,
21912,Tickets & Passes,21516,Shows & Performances,21696,Tango Dance Shows,,
21912,Tickets & Passes,21516,Shows & Performances,21695,Sufi Whirling Shows,,
21912,Tickets & Passes,21516,Shows & Performances,21694,Samba Dance Shows,,
21912,Tickets & Passes,21516,Shows & Performances,21692,Rumba Dance Shows,,
21912,Tickets & Passes,21516,Shows & Performances,21691,Merengue Dance Shows,,
21912,Tickets & Passes,21516,Shows & Performances,21690,Polka Dance Shows,,
21912,Tickets & Passes,21516,Shows & Performances,12070,Cabaret,,
21912,Tickets & Passes,21516,Shows & Performances,12054,Nightlife,,
21912,Tickets & Passes,21516,Shows & Performances,12069,Cirque du Soleil Shows,,
21912,Tickets & Passes,21516,Shows & Performances,11924,Dinner and Show Tickets,,
21912,Tickets & Passes,12716,Attractions & Museums,21598,Art Galleries,,
21912,Tickets & Passes,12716,Attractions & Museums,11927,Zoo Tickets,,
21912,Tickets & Passes,12716,Attractions & Museums,11901,Museum Tickets & Passes,,
21912,Tickets & Passes,12716,Attractions & Museums,21652,Wineries & Breweries,,
21912,Tickets & Passes,12716,Attractions & Museums,21656,Monuments and Memorials,,
21912,Tickets & Passes,12716,Attractions & Museums,21629,National Parks,,
21912,Tickets & Passes,12716,Attractions & Museums,21638,Religious Sites,,
21912,Tickets & Passes,12716,Attractions & Museums,21617,Historical Landmarks,,
21912,Tickets & Passes,12716,Attractions & Museums,13109,Museums,,
21912,Tickets & Passes,12716,Attractions & Museums,13107,Aquariums,,
21912,Tickets & Passes,12716,Attractions & Museums,13108,Castles,,
21912,Tickets & Passes,12716,Attractions & Museums,13110,Observation Decks,,
21912,Tickets & Passes,12716,Attractions & Museums,13111,Zoos,,
21912,Tickets & Passes,12716,Attractions & Museums,21654,Ancient Ruins,,
21912,Tickets & Passes,12716,Attractions & Museums,21606,Castle Tours,,
21912,Tickets & Passes,12716,Attractions & Museums,21612,Factory Tours,,
21912,Tickets & Passes,12716,Attractions & Museums,21596,Aquariums,,
21912,Tickets & Passes,12716,Attractions & Museums,21631,Nature Parks,,
21912,Tickets & Passes,12716,Attractions & Museums,21630,Natural Attractions,,
21912,Tickets & Passes,21779,Amusement Parks,21756,Busch Gardens,,
21912,Tickets & Passes,21779,Amusement Parks,11909,Theme Parks,,
21912,Tickets & Passes,21779,Amusement Parks,12043,Water Parks,,
21912,Tickets & Passes,21779,Amusement Parks,12084,Disney¬Æ Parks,,
21912,Tickets & Passes,21779,Amusement Parks,21757,Sea World,,
21912,Tickets & Passes,21633,Packages & Special Events,11948,Super Savers,,
21912,Tickets & Passes,21633,Packages & Special Events,11931,City Packages,,
21912,Tickets & Passes,21633,Packages & Special Events,21645,Special Events,,
21912,Tickets & Passes,21633,Packages & Special Events,21634,Passes,,
21912,Tickets & Passes,21633,Packages & Special Events,21619,Holidays and Seasonal Packages,,
21912,Tickets & Passes,12040,Sporting Events,21766,Snowboarding Competitions,,
21912,Tickets & Passes,12040,Sporting Events,21644,Softball,,
21912,Tickets & Passes,12040,Sporting Events,21643,Soccer,,
21912,Tickets & Passes,12040,Sporting Events,21641,Shooting,,
21912,Tickets & Passes,12040,Sporting Events,21640,Rugby,,
21912,Tickets & Passes,12040,Sporting Events,21648,Swordsmanship,,
21912,Tickets & Passes,12040,Sporting Events,21647,Sports,,
21912,Tickets & Passes,12040,Sporting Events,21651,Tournaments,,
21912,Tickets & Passes,12040,Sporting Events,21650,Track and Field,,
21912,Tickets & Passes,12040,Sporting Events,21620,Horse Racing,,
21912,Tickets & Passes,12040,Sporting Events,21623,Lacrosse,,
21912,Tickets & Passes,12040,Sporting Events,21632,Olympics,,
21912,Tickets & Passes,12040,Sporting Events,21639,Roller Derbies,,
21912,Tickets & Passes,12040,Sporting Events,21636,Ping Pong,,
21912,Tickets & Passes,12040,Sporting Events,21600,Badminton,,
21912,Tickets & Passes,12040,Sporting Events,21601,Baseball Tickets,,
21912,Tickets & Passes,12040,Sporting Events,21613,Fencing,,
21912,Tickets & Passes,12040,Sporting Events,21627,Motor Sports,21761,Performance Car Driving
21912,Tickets & Passes,12040,Sporting Events,21627,Motor Sports,21421,ATV Tours
21912,Tickets & Passes,12040,Sporting Events,21627,Motor Sports,12035,4WD Tours
21912,Tickets & Passes,12040,Sporting Events,21627,Motor Sports,21432,Hummer Tours
21909,Outdoor Activities,21627,Motor Sports,21761,Performance Car Driving,,
21909,Outdoor Activities,21627,Motor Sports,21421,ATV Tours,,
21909,Outdoor Activities,21627,Motor Sports,12035,4WD Tours,,
21909,Outdoor Activities,21627,Motor Sports,21432,Hummer Tours,,
21909,Outdoor Activities,21478,Active & Outdoor Classes,21544,Lacrosse Classes,,
21909,Outdoor Activities,21478,Active & Outdoor Classes,21541,Hockey Classes,,
21909,Outdoor Activities,21478,Active & Outdoor Classes,21553,Swordsmanship Classes,,
21909,Outdoor Activities,21478,Active & Outdoor Classes,21551,Softball Classes,,
21909,Outdoor Activities,21478,Active & Outdoor Classes,20227,Martial Arts Classes,,
21909,Outdoor Activities,21478,Active & Outdoor Classes,21527,Australian Rules Football (AFL) Classes,,
21909,Outdoor Activities,21478,Active & Outdoor Classes,21526,Archery Classes,,
21909,Outdoor Activities,21478,Active & Outdoor Classes,21525,Skiing Classes,,
21909,Outdoor Activities,21478,Active & Outdoor Classes,21532,Boxing Classes,,
21909,Outdoor Activities,21478,Active & Outdoor Classes,21537,Fitness Classes,,
21909,Outdoor Activities,21478,Active & Outdoor Classes,21535,Cycling Classes,,
21909,Outdoor Activities,21478,Active & Outdoor Classes,20244,Sports Lessons,,
21909,Outdoor Activities,21478,Active & Outdoor Classes,20209,Dance Lessons,,
21909,Outdoor Activities,21478,Active & Outdoor Classes,11976,Yoga Classes,,
21909,Outdoor Activities,20217,Fun & Games,20212,Escape Rooms,,
21909,Outdoor Activities,20217,Fun & Games,21763,Kendama,,
21909,Outdoor Activities,20217,Fun & Games,21462,Flight Simulator,,
21909,Outdoor Activities,20217,Fun & Games,21461,Go Kart,,
21909,Outdoor Activities,20217,Fun & Games,21477,Pétanque,,
21909,Outdoor Activities,20217,Fun & Games,21476,Majong,,
21909,Outdoor Activities,20217,Fun & Games,21452,VR Experiences,,
21909,Outdoor Activities,11923,Extreme Sports,21424,Bungee Jumping,,
21909,Outdoor Activities,11923,Extreme Sports,21429,Hang Gliding,,
21909,Outdoor Activities,11923,Extreme Sports,21427,Dune Bashing,,
21909,Outdoor Activities,11923,Extreme Sports,21426,Caving,,
21909,Outdoor Activities,11923,Extreme Sports,21430,Heli-Hiking,,
21909,Outdoor Activities,11923,Extreme Sports,21448,Skydiving,,
21909,Outdoor Activities,11923,Extreme Sports,21457,Zorbing,,
21909,Outdoor Activities,11923,Extreme Sports,21428,Glacier Walks,,
21909,Outdoor Activities,11923,Extreme Sports,20220,Jetpacks,,
21909,Outdoor Activities,11923,Extreme Sports,20257,White Water Rafting,,
21909,Outdoor Activities,11923,Extreme Sports,20235,Parasailing,,
21909,Outdoor Activities,11923,Extreme Sports,21761,Performance Car Driving,,
21909,Outdoor Activities,11923,Extreme Sports,21421,ATV Tours,,
21909,Outdoor Activities,11923,Extreme Sports,12035,4WD Tours,,
21909,Outdoor Activities,11923,Extreme Sports,12061,Shark Diving,,
21909,Outdoor Activities,11923,Extreme Sports,21450,Snowmobiling,,
21909,Outdoor Activities,11923,Extreme Sports,11952,Ziplining,,
21909,Outdoor Activities,11923,Extreme Sports,21447,Shooting Ranges,,
21909,Outdoor Activities,11904,Winter Sports,21435,Ice Skating,,
21909,Outdoor Activities,11904,Winter Sports,21434,Ice Fishing,,
21909,Outdoor Activities,11904,Winter Sports,21642,Skiing,,
21909,Outdoor Activities,11904,Winter Sports,21473,Ice Climbing,,
21909,Outdoor Activities,11904,Winter Sports,21472,Dog Sledding/Mushing,,
21909,Outdoor Activities,11904,Winter Sports,21449,Sledding,,
21909,Outdoor Activities,11904,Winter Sports,21451,Snowshoeing,,
21909,Outdoor Activities,11904,Winter Sports,21450,Snowmobiling,,
21909,Outdoor Activities,11904,Winter Sports,21433,Husky Dog Tours,,
21909,Outdoor Activities,11903,Nature and Wildlife Tours,11973,Horseback Riding,,
21909,Outdoor Activities,11903,Nature and Wildlife Tours,21423,Bird Watching,,
21909,Outdoor Activities,11903,Nature and Wildlife Tours,21425,Camel Rides,,
21909,Outdoor Activities,11903,Nature and Wildlife Tours,21439,Nature Walks,,
21909,Outdoor Activities,11903,Nature and Wildlife Tours,22109,Northern Lights,,
21909,Outdoor Activities,11903,Nature and Wildlife Tours,21469,Wildlife Encounters,,
21909,Outdoor Activities,11903,Nature and Wildlife Tours,21470,Wildlife Watching,,
21909,Outdoor Activities,11903,Nature and Wildlife Tours,21444,Pack Animal Tours,,
21909,Outdoor Activities,11903,Nature and Wildlife Tours,21456,Zoos & Wildlife Parks,,
21909,Outdoor Activities,11903,Nature and Wildlife Tours,21454,Dolphin Watching,,
21909,Outdoor Activities,11903,Nature and Wildlife Tours,12038,Safaris,,
21909,Outdoor Activities,11903,Nature and Wildlife Tours,12065,Swim with Dolphins,,
21909,Outdoor Activities,11903,Nature and Wildlife Tours,12067,Eco Tours,,
21909,Outdoor Activities,11903,Nature and Wildlife Tours,21757,Sea World,,
21909,Outdoor Activities,11903,Nature and Wildlife Tours,12061,Shark Diving,,
21909,Outdoor Activities,11903,Nature and Wildlife Tours,12052,Whale Watching,,
21909,Outdoor Activities,11903,Nature and Wildlife Tours,21433,Husky Dog Tours,,
21909,Outdoor Activities,11903,Nature and Wildlife Tours,21596,Aquariums,,
21909,Outdoor Activities,11903,Nature and Wildlife Tours,21631,Nature Parks,,
21909,Outdoor Activities,11903,Nature and Wildlife Tours,21630,Natural Attractions,,
21909,Outdoor Activities,21436,In the Air,20234,Paragliding,,
21909,Outdoor Activities,21436,In the Air,21722,Seaplane Tours,,
21909,Outdoor Activities,21436,In the Air,12026,Helicopter Tours,,
21909,Outdoor Activities,21436,In the Air,12025,Air Tours,,
21909,Outdoor Activities,21436,In the Air,12027,Hot Air Balloon Rides,,
21909,Outdoor Activities,21442,On the Water,20216,Flyboarding,,
21909,Outdoor Activities,21442,On the Water,20215,Float Trips,,
21909,Outdoor Activities,21442,On the Water,11974,Stand Up Paddleboarding,,
21909,Outdoor Activities,21442,On the Water,11933,Jet Boat Rentals,,
21909,Outdoor Activities,21442,On the Water,11932,Boat Rentals,,
21909,Outdoor Activities,21442,On the Water,20254,Water Equipment Rentals,,
21909,Outdoor Activities,21442,On the Water,21079,Beach Clubs,,
21909,Outdoor Activities,21442,On the Water,11912,Snorkeling,,
21909,Outdoor Activities,21442,On the Water,21917,Canoeing,,
21909,Outdoor Activities,21442,On the Water,21468,Wakeboarding,,
21909,Outdoor Activities,21442,On the Water,21467,Hydrofoil,,
21909,Outdoor Activities,21442,On the Water,21466,Sea Caving,,
21909,Outdoor Activities,21442,On the Water,21464,Swimming,,
21909,Outdoor Activities,21442,On the Water,21463,Kitesurfing,,
21909,Outdoor Activities,21442,On the Water,21453,Waterskiing,,
21909,Outdoor Activities,21442,On the Water,21458,Freediving,,
21909,Outdoor Activities,21442,On the Water,12036,Fishing Charters,,
21909,Outdoor Activities,21442,On the Water,12048,Surfing Lessons,,
21909,Outdoor Activities,21442,On the Water,12047,Kayaking Tours,,
21909,Outdoor Activities,21442,On the Water,12049,Submarine Tours,,
21909,Outdoor Activities,21442,On the Water,12020,Tubing,,
21909,Outdoor Activities,21442,On the Water,12021,Scuba Diving,,
21909,Outdoor Activities,21442,On the Water,12062,Jet Ski Rentals,,
21909,Outdoor Activities,21442,On the Water,12064,Rafting,,
21909,Outdoor Activities,21442,On the Water,20210,Dhow Cruises,,
21909,Outdoor Activities,21442,On the Water,20204,Catamaran Cruises,,
21909,Outdoor Activities,21442,On the Water,21709,Canal Cruises,,
21909,Outdoor Activities,21442,On the Water,11888,Sailing,,
21909,Outdoor Activities,21442,On the Water,11887,Night Cruises,,
21909,Outdoor Activities,21442,On the Water,12071,Gondola Cruises,,
21909,Outdoor Activities,21442,On the Water,12083,Multi-day Cruises,,
21909,Outdoor Activities,21442,On the Water,20220,Jetpacks,,
21909,Outdoor Activities,21442,On the Water,20257,White Water Rafting,,
21909,Outdoor Activities,21442,On the Water,20235,Parasailing,,
21909,Outdoor Activities,21442,On the Water,11966,Glass Bottom Boat Tours,,
21909,Outdoor Activities,21442,On the Water,11968,Airboat Tours,,
21909,Outdoor Activities,21442,On the Water,21731,Speed Boat Rentals,,
21909,Outdoor Activities,21442,On the Water,12051,Duck Boat Tours,,
21909,Outdoor Activities,21442,On the Water,11965,Dinner Cruises,,
21909,Outdoor Activities,21442,On the Water,11967,Brunch Cruises,,
21909,Outdoor Activities,21442,On the Water,11964,Lunch Cruises,,
21909,Outdoor Activities,21442,On the Water,21707,Breakfast Cruises,,
21909,Outdoor Activities,21442,On the Water,21711,Coffee Cruises,,
21909,Outdoor Activities,21442,On the Water,20246,Surfing Lessons,,
21909,Outdoor Activities,21442,On the Water,21729,Sightseeing Cruises,,
21909,Outdoor Activities,21440,On the Ground,20229,Obstacle Courses,,
21909,Outdoor Activities,21440,On the Ground,21760,Camping,,
21909,Outdoor Activities,21440,On the Ground,11949,Climbing,,
21909,Outdoor Activities,21440,On the Ground,20232,Paintball,,
21909,Outdoor Activities,21440,On the Ground,20247,Tennis,,
21909,Outdoor Activities,21440,On the Ground,11902,Hiking Tours,,
21909,Outdoor Activities,21440,On the Ground,21446,Scavenger Hunts,,
21909,Outdoor Activities,21440,On the Ground,21445,Sandboarding,,
21909,Outdoor Activities,21440,On the Ground,21443,Outback Tours,,
21909,Outdoor Activities,21440,On the Ground,21441,On the Ground Equipment Rentals,,
21909,Outdoor Activities,21440,On the Ground,11952,Ziplining,,
21909,Outdoor Activities,21440,On the Ground,21447,Shooting Ranges,,
21909,Outdoor Activities,21440,On the Ground,20236,Pedicab Tours,,
21909,Outdoor Activities,21440,On the Ground,11911,Mountain Bike Tours,,
21909,Outdoor Activities,21440,On the Ground,12009,Bike Rentals,,
21909,Outdoor Activities,21440,On the Ground,12076,Motorcycle Tours,,
21915,Classes & Workshops,21482,Food & Drink Classes,21487,Pizza Making Classes,,
21915,Classes & Workshops,21482,Food & Drink Classes,21486,Pasta Making Classes,,
21915,Classes & Workshops,21482,Food & Drink Classes,21485,Paella Making Classes,,
21915,Classes & Workshops,21482,Food & Drink Classes,21484,Olive Oil Tasting,,
21915,Classes & Workshops,21482,Food & Drink Classes,21483,Mixology Classes,,
21915,Classes & Workshops,21482,Food & Drink Classes,21481,Cocktail Tastings,,
21915,Classes & Workshops,21482,Food & Drink Classes,21480,Candy Making Classes,,
21915,Classes & Workshops,21482,Food & Drink Classes,12034,Cooking Classes,,
21915,Classes & Workshops,21482,Food & Drink Classes,21489,Wine Making Workshops,,
21915,Classes & Workshops,21482,Food & Drink Classes,20246,Surfing Lessons,,
21915,Classes & Workshops,21478,Active & Outdoor Classes,21544,Lacrosse Classes,,
21915,Classes & Workshops,21478,Active & Outdoor Classes,21541,Hockey Classes,,
21915,Classes & Workshops,21478,Active & Outdoor Classes,21553,Swordsmanship Classes,,
21915,Classes & Workshops,21478,Active & Outdoor Classes,21551,Softball Classes,,
21915,Classes & Workshops,21478,Active & Outdoor Classes,20227,Martial Arts Classes,,
21915,Classes & Workshops,21478,Active & Outdoor Classes,21527,Australian Rules Football (AFL) Classes,,
21915,Classes & Workshops,21478,Active & Outdoor Classes,21526,Archery Classes,,
21915,Classes & Workshops,21478,Active & Outdoor Classes,21525,Skiing Classes,,
21915,Classes & Workshops,21478,Active & Outdoor Classes,21532,Boxing Classes,,
21915,Classes & Workshops,21478,Active & Outdoor Classes,21537,Fitness Classes,,
21915,Classes & Workshops,21478,Active & Outdoor Classes,21535,Cycling Classes,,
21915,Classes & Workshops,21478,Active & Outdoor Classes,20244,Sports Lessons,,
21915,Classes & Workshops,21479,Art & Culture Classes,20218,Glassblowing Classes,,
21915,Classes & Workshops,21479,Art & Culture Classes,21558,Folk Dancing Lessons,,
21915,Classes & Workshops,21479,Art & Culture Classes,20202,Art Classes,,
21915,Classes & Workshops,21479,Art & Culture Classes,20208,Craft Classes,,
21915,Classes & Workshops,21479,Art & Culture Classes,20233,Painting Classes,,
21915,Classes & Workshops,21479,Art & Culture Classes,20237,Pottery Classes,,
21915,Classes & Workshops,21479,Art & Culture Classes,20209,Dance Lessons,,
21915,Classes & Workshops,21479,Art & Culture Classes,20242,Spanish Lessons,,
21915,Classes & Workshops,21479,Art & Culture Classes,21492,Dutch Lessons,,
21915,Classes & Workshops,21479,Art & Culture Classes,21491,Danish Lessons,,
21915,Classes & Workshops,20223,Language Classes,21505,Swedish Lessons,,
21915,Classes & Workshops,20223,Language Classes,21502,Norwegian Lessons,,
21915,Classes & Workshops,20223,Language Classes,20242,Spanish Lessons,,
21915,Classes & Workshops,20223,Language Classes,21492,Dutch Lessons,,
21915,Classes & Workshops,20223,Language Classes,21491,Danish Lessons,,
21915,Classes & Workshops,21488,Wellness Classes,11976,Yoga Classes,,
21910,Art & Culture,21509,Arts & Design,21514,Museums,,
21910,Art & Culture,21509,Arts & Design,12031,Art Tours,,
21910,Art & Culture,21509,Arts & Design,12013,Architecture Tours,,
21910,Art & Culture,21509,Arts & Design,21598,Art Galleries,,
21910,Art & Culture,21511,Culture,21523,Historical Reenactments,,
21910,Art & Culture,21511,Culture,21764,Fashion Tours,,
21910,Art & Culture,21511,Culture,21521,Costume Dress Up Experiences,,
21910,Art & Culture,21511,Culture,11969,Photography Tours,,
21910,Art & Culture,21511,Culture,11971,Plantation Tours,,
21910,Art & Culture,21511,Culture,21512,Literary Tours,,
21910,Art & Culture,21511,Culture,21518,Religious Tours,,
21910,Art & Culture,21511,Culture,21514,Museums,,
21910,Art & Culture,21517,Pop Culture,21520,TV Tours,,
21910,Art & Culture,21517,Pop Culture,21510,Crime Tours,,
21910,Art & Culture,21517,Pop Culture,21519,Street Art Tour,,
21910,Art & Culture,21517,Pop Culture,22107,Harry Potter Tours,,
21910,Art & Culture,21517,Pop Culture,22108,Game Of Thrones Tours,,
21910,Art & Culture,21517,Pop Culture,12030,Movie Tours,,
21910,Art & Culture,21517,Pop Culture,12066,Ghost Tours,,
21910,Art & Culture,21759,Traditional Wellness,21515,Music Tours,,
21910,Art & Culture,21759,Traditional Wellness,21513,Mosque Tours,,
21910,Art & Culture,21759,Traditional Wellness,20252,Underground Tours,,
21910,Art & Culture,21759,Traditional Wellness,12028,Cultural Tours,,
21910,Art & Culture,21759,Traditional Wellness,12029,Historical Tours,,
21910,Art & Culture,21759,Traditional Wellness,12077,Archaeology Tours,,
21910,Art & Culture,21759,Traditional Wellness,21522,Meditation,,
21910,Art & Culture,21759,Traditional Wellness,21524,Zen Dojo,,
21910,Art & Culture,21759,Traditional Wellness,11975,Onsens,,
21910,Art & Culture,21759,Traditional Wellness,12079,Hammams & Turkish Baths,,
21910,Art & Culture,21759,Traditional Wellness,12078,Spas,,
21910,Art & Culture,21759,Traditional Wellness,12082,Arab Baths,,
21910,Art & Culture,21759,Traditional Wellness,12080,Thermal Spas & Hot Springs,,
21910,Art & Culture,21479,Art & Culture Classes,20218,Glassblowing Classes,,
21910,Art & Culture,21479,Art & Culture Classes,21558,Folk Dancing Lessons,,
21910,Art & Culture,21479,Art & Culture Classes,20202,Art Classes,,
21910,Art & Culture,21479,Art & Culture Classes,20208,Craft Classes,,
21910,Art & Culture,21479,Art & Culture Classes,20233,Painting Classes,,
21910,Art & Culture,21479,Art & Culture Classes,20237,Pottery Classes,,
21910,Art & Culture,21479,Art & Culture Classes,21505,Swedish Lessons,,
21910,Art & Culture,21479,Art & Culture Classes,21502,Norwegian Lessons,,
21910,Art & Culture,21516,Shows & Performances,20214,Flamenco Performance,,
21910,Art & Culture,21516,Shows & Performances,20219,Jazz Shows,,
21910,Art & Culture,21516,Shows & Performances,20225,Light & Sound Shows,,
21910,Art & Culture,21516,Shows & Performances,21765,Shows,,
21910,Art & Culture,21516,Shows & Performances,20203,Ballet Tickets,,
21910,Art & Culture,21516,Shows & Performances,21774,Fashion Shows,,
21910,Art & Culture,21516,Shows & Performances,20207,Classical Music,,
21910,Art & Culture,21516,Shows & Performances,21777,Fireworks Shows,,
21910,Art & Culture,21516,Shows & Performances,11925,Adults-only Shows,,
21910,Art & Culture,21516,Shows & Performances,20230,Opera Performances,,
21910,Art & Culture,21516,Shows & Performances,21700,Zumba Dance Shows,,
21910,Art & Culture,21516,Shows & Performances,11908,Theater Shows,,
21910,Art & Culture,21516,Shows & Performances,11907,Comedy Shows,,
21910,Art & Culture,21516,Shows & Performances,11917,Family-friendly Shows,,
21910,Art & Culture,21516,Shows & Performances,21662,Classical Concerts,,
21910,Art & Culture,21516,Shows & Performances,21660,Acoustic Concerts,,
21910,Art & Culture,21516,Shows & Performances,21677,Ballroom Dance Shows,,
21910,Art & Culture,21516,Shows & Performances,21672,Rap & Hip-Hop Concerts,,
21910,Art & Culture,21516,Shows & Performances,21671,R&B/Soul Concerts,,
21910,Art & Culture,21516,Shows & Performances,21678,Belly Dance Shows,,
21910,Art & Culture,21516,Shows & Performances,21628,Musicals,,
21910,Art & Culture,21516,Shows & Performances,21624,Live Concerts,,
21910,Art & Culture,21516,Shows & Performances,21608,Circus Shows,,
21910,Art & Culture,21516,Shows & Performances,21607,Children's Shows & Concerts,,
21910,Art & Culture,21516,Shows & Performances,21605,Burlesque Shows,,
21910,Art & Culture,21516,Shows & Performances,21609,Concerts,,
21910,Art & Culture,21516,Shows & Performances,21687,Foxtrot Dance Shows,,
21910,Art & Culture,21516,Shows & Performances,21689,Kizomba Dance Shows,,
21910,Art & Culture,21516,Shows & Performances,21697,Tap Dance Shows,,
21910,Art & Culture,21516,Shows & Performances,21696,Tango Dance Shows,,
21910,Art & Culture,21516,Shows & Performances,21695,Sufi Whirling Shows,,
21910,Art & Culture,21516,Shows & Performances,21694,Samba Dance Shows,,
21910,Art & Culture,21516,Shows & Performances,21692,Rumba Dance Shows,,
21910,Art & Culture,21516,Shows & Performances,21691,Merengue Dance Shows,,
21910,Art & Culture,21516,Shows & Performances,21690,Polka Dance Shows,,
21910,Art & Culture,21516,Shows & Performances,12070,Cabaret,,
21910,Art & Culture,21516,Shows & Performances,12054,Nightlife,,
21910,Art & Culture,21516,Shows & Performances,12069,Cirque du Soleil Shows,,
21910,Art & Culture,21516,Shows & Performances,11924,Dinner and Show Tickets,,
10591,Restaurants,11776,Bars & Pubs,,,,
12518,Transportation,12704,Ferries,,,,
12518,Transportation,12705,Inter-island Flights,,,,
12518,Transportation,12702,Cable Cars,,,,
12518,Transportation,12703,Car Services,,,,
12518,Transportation,12708,Trains,,,,
12518,Transportation,12709,Trams,,,,
12518,Transportation,12706,Public Transportation,,,,
12518,Transportation,12707,Taxis,,,,
12518,Transportation,12701,Buses,,,,
12518,Transportation,12517,Transfers,,,,
12519,Tours,13285,Food Tours,,,,
12519,Tours,12700,Volunteer Tours,,,,
12519,Tours,12692,City Tours,13019,Hop-On Hop-Off Tours,,
12519,Tours,12692,City Tours,13018,Bike Tours,,
12519,Tours,12692,City Tours,13022,Pedicab Tours,,
12519,Tours,12692,City Tours,13023,Photography Tours,,
12519,Tours,12692,City Tours,13020,Horse Drawn Carriages,,
12519,Tours,12692,City Tours,13021,Motorcycle Tours,,
12519,Tours,12692,City Tours,13026,Self-guided Tours,,
12519,Tours,12692,City Tours,13027,Sidecar Tours,,
12519,Tours,12692,City Tours,13024,Running Tours,,
12519,Tours,12692,City Tours,13025,Segway Tours,,
12519,Tours,12692,City Tours,13028,Trolley Tours,,
12519,Tours,12692,City Tours,13029,Tuk Tuk Tours,,
12519,Tours,12692,City Tours,13030,Walking Tours,,
12519,Tours,12693,Day Trips,,,,
12519,Tours,12690,Air Tours,12972,Balloon Rides,,
12519,Tours,12690,Air Tours,12975,Seaplane Tours,,
12519,Tours,12690,Air Tours,12973,Biplane Tours,,
12519,Tours,12690,Air Tours,12974,Helicopter Rides,,
12519,Tours,12691,Boat Tours,12990,Speedboat Rides,,
12519,Tours,12691,Boat Tours,12991,Submarine Tours,,
12519,Tours,12691,Boat Tours,12979,Catamaran Cruises,,
12519,Tours,12691,Boat Tours,12977,Breakfast Cruises,,
12519,Tours,12691,Boat Tours,12978,Brunch Cruises,,
12519,Tours,12691,Boat Tours,12976,Airboat Tours,,
12519,Tours,12691,Boat Tours,12988,Sailing Trips,,
12519,Tours,12691,Boat Tours,12989,Sightseeing Cruises,,
12519,Tours,12691,Boat Tours,12982,Dinner Cruises,,
12519,Tours,12691,Boat Tours,12983,Dolphin & Whale Watching,,
12519,Tours,12691,Boat Tours,12980,Coffee Cruises,,
12519,Tours,12691,Boat Tours,12981,Dhow Cruises,,
12519,Tours,12691,Boat Tours,12986,Gondola Rides,,
12519,Tours,12691,Boat Tours,12987,Lunch Cruises,,
12519,Tours,12691,Boat Tours,12984,Duck Tours,,
12519,Tours,12691,Boat Tours,12985,Glass Bottom Boat Tours,,
12519,Tours,12696,Package Tours,13103,Cruise Packages,,
12519,Tours,12696,Package Tours,13104,Rail Packages,,
12519,Tours,12696,Package Tours,13105,Safari Packages,,
12519,Tours,12696,Package Tours,13106,Tour Packages,,
12519,Tours,12697,Shopping Tours,,,,
12519,Tours,12694,Food &¬†Drink Tours,13282,Coffee & Tea Tours,,
12519,Tours,12694,Food &¬†Drink Tours,13283,Cooking Classes,,
12519,Tours,12694,Food &¬†Drink Tours,13280,Brewery Tours,,
12519,Tours,12694,Food &¬†Drink Tours,13281,Chocolate Tours,,
12519,Tours,12694,Food &¬†Drink Tours,13286,Market Tours,,
12519,Tours,12694,Food &¬†Drink Tours,13287,Sake Tours,,
12519,Tours,12694,Food &¬†Drink Tours,13284,Distillery Tours,,
12519,Tours,12694,Food &¬†Drink Tours,13288,Street Food Tours,,
12519,Tours,12694,Food &¬†Drink Tours,13289,Wine Tastings & Tours,,
12519,Tours,12694,Food &¬†Drink Tours,13279,Bar & Pub Tours,,
12519,Tours,12695,Factory Tours,,,,
12519,Tours,12698,Shore Excursions,,,,
12519,Tours,12699,Ski & Snowboard Tours,,,,
12520,Activities,12719,Escape Games,,,,
12520,Activities,12717,City Passes,,,,
12520,Activities,12718,Classes,13120,Winemaking Workshops,,
12520,Activities,12718,Classes,13114,Glassblowing Classes,,
12520,Activities,12718,Classes,13115,Language Lessons,21505,Swedish Lessons
12520,Activities,12718,Classes,13115,Language Lessons,21502,Norwegian Lessons
12520,Activities,12718,Classes,13115,Language Lessons,13213,Russian Lessons
12520,Activities,12718,Classes,13115,Language Lessons,13214,Spanish Lessons
12520,Activities,12718,Classes,13115,Language Lessons,13194,English Lessons
12520,Activities,12718,Classes,13115,Language Lessons,13195,French Lessons
12520,Activities,12718,Classes,13115,Language Lessons,13193,Chinese Lessons
12520,Activities,12718,Classes,13115,Language Lessons,13198,Japanese Lessons
12520,Activities,12718,Classes,13115,Language Lessons,13199,Korean Lessons
12520,Activities,12718,Classes,13115,Language Lessons,13196,German Lessons
12520,Activities,12718,Classes,13115,Language Lessons,13197,Italian Lessons
12520,Activities,12718,Classes,13112,Cooking Classes,,
12520,Activities,12718,Classes,13113,Dance Lessons,,
12520,Activities,12718,Classes,13118,Sports Workshops,13200,Ski Lessons
12520,Activities,12718,Classes,13118,Sports Workshops,13201,Snowboard Lessons
12520,Activities,12718,Classes,13119,Yoga Classes,,
12520,Activities,12718,Classes,13116,Painting Classes,,
12520,Activities,12718,Classes,13117,Pottery Classes,,
12520,Activities,12726,Shows,13243,Luaus,,
12520,Activities,12726,Shows,13246,Plays,,
12520,Activities,12726,Shows,13244,Musicals,,
12520,Activities,12726,Shows,13245,Opera,,
12520,Activities,12726,Shows,13250,Light & Sound Shows,,
12520,Activities,12726,Shows,13265,Flamenco,,
12520,Activities,12726,Shows,13183,Classical Music,,
12520,Activities,12726,Shows,13184,Comedy,,
12520,Activities,12726,Shows,13181,Cabaret,,
12520,Activities,12726,Shows,13182,Cirque du Soleil,,
12520,Activities,12726,Shows,13185,Dinner Theater,,
12520,Activities,12726,Shows,13180,Ballet,,
12520,Activities,12727,Spa Services,,,,
12520,Activities,12724,Scavenger Hunts,,,,
12520,Activities,12725,Shopping,,,,
12520,Activities,12729,Theme Parks,,,,
12520,Activities,12722,Outdoor Activities,13126,"4WD, ATV & Off-road tours",13203,Dune Bashing
12520,Activities,12722,Outdoor Activities,13126,"4WD, ATV & Off-road tours",13204,Hummer Tours
12520,Activities,12722,Outdoor Activities,13129,Fishing,,
12520,Activities,12722,Outdoor Activities,13127,Camping,,
12520,Activities,12722,Outdoor Activities,13128,Climbing,,
12520,Activities,12722,Outdoor Activities,13132,Horseback Riding,,
12520,Activities,12722,Outdoor Activities,13133,Lift Tickets,,
12520,Activities,12722,Outdoor Activities,13130,Hiking,,
12520,Activities,12722,Outdoor Activities,13131,Golf,,
12520,Activities,12722,Outdoor Activities,13136,Paintball,,
12520,Activities,12722,Outdoor Activities,13137,Paragliding,,
12520,Activities,12722,Outdoor Activities,13134,Minigolf,,
12520,Activities,12722,Outdoor Activities,13135,Obstacle Courses,,
12520,Activities,12722,Outdoor Activities,13138,Shooting Ranges,,
12520,Activities,12722,Outdoor Activities,13139,Skydiving,,
12520,Activities,12722,Outdoor Activities,13140,Sledding,,
12520,Activities,12722,Outdoor Activities,13143,Ziplines,,
12520,Activities,12722,Outdoor Activities,13141,Tennis,,
12520,Activities,12722,Outdoor Activities,13142,Water Sports,13220,Waterskiing
12520,Activities,12722,Outdoor Activities,13142,Water Sports,13221,White Water Rafting
12520,Activities,12722,Outdoor Activities,13142,Water Sports,13222,Windsurfing
12520,Activities,12722,Outdoor Activities,13142,Water Sports,13208,Kitesurfing
12520,Activities,12722,Outdoor Activities,13142,Water Sports,13209,Parasailing
12520,Activities,12722,Outdoor Activities,13142,Water Sports,13202,Surfing Lessons
12520,Activities,12722,Outdoor Activities,13142,Water Sports,13206,Float Trips
12520,Activities,12722,Outdoor Activities,13142,Water Sports,13207,Jetskiing
12520,Activities,12722,Outdoor Activities,13142,Water Sports,13205,Canoeing
12520,Activities,12722,Outdoor Activities,13142,Water Sports,13210,Scuba
12520,Activities,12722,Outdoor Activities,13142,Water Sports,13219,Wakesurfing
12520,Activities,12722,Outdoor Activities,13142,Water Sports,13211,Snorkeling
12520,Activities,12722,Outdoor Activities,13142,Water Sports,13212,Standup Paddleboarding
12520,Activities,12722,Outdoor Activities,13142,Water Sports,13217,Tubing
12520,Activities,12722,Outdoor Activities,13142,Water Sports,13218,Wakeboarding
12520,Activities,12722,Outdoor Activities,13142,Water Sports,13215,Swim with Dolphins
12520,Activities,12722,Outdoor Activities,13142,Water Sports,13216,Swim with Sharks
12520,Activities,12722,Outdoor Activities,13142,Water Sports,13298,Kayaking
12520,Activities,12723,Rentals,13162,Boats,,
12520,Activities,12723,Rentals,13163,Gear,,
12520,Activities,12723,Rentals,13164,Scooters,,
12520,Activities,12720,Dining,13121,Afternoon Tea,,
12520,Activities,12720,Dining,13122,Breakfast,,
12520,Activities,12720,Dining,13125,Discount Dining Cards,,
12520,Activities,12720,Dining,13123,Lunch,,
12520,Activities,12720,Dining,13124,Dinner,,
12520,Activities,12721,Nightlife,,,,
12520,Activities,12730,Water Parks,,,,
12520,Activities,12731,Weddings & Proposals,12733,Wedding Packages,,
12520,Activities,12731,Weddings & Proposals,12732,Proposals,,
12520,Activities,12716,Attractions & Museums,11927,Zoo Tickets,,
12520,Activities,12716,Attractions & Museums,11901,Museum Tickets & Passes,,
12520,Activities,12716,Attractions & Museums,21652,Wineries & Breweries,,
12520,Activities,12716,Attractions & Museums,21656,Monuments and Memorials,,
12520,Activities,12716,Attractions & Museums,21629,National Parks,,
12520,Activities,12716,Attractions & Museums,21638,Religious Sites,,
12520,Activities,12716,Attractions & Museums,21617,Historical Landmarks,,
12520,Activities,12716,Attractions & Museums,13109,Museums,,
12520,Activities,12716,Attractions & Museums,13107,Aquariums,,
12520,Activities,12716,Attractions & Museums,13108,Castles,,
12520,Activities,12716,Attractions & Museums,13110,Observation Decks,,
12520,Activities,12716,Attractions & Museums,13111,Zoos,,
12520,Activities,12716,Attractions & Museums,21654,Ancient Ruins,,
12520,Activities,12716,Attractions & Museums,21606,Castle Tours,,
12520,Activities,12716,Attractions & Museums,21612,Factory Tours,,
12520,Activities,12716,Attractions & Museums,21596,Aquariums,,
12520,Activities,12716,Attractions & Museums,21631,Nature Parks,,
12520,Activities,12716,Attractions & Museums,21630,Natural Attractions,,
12521,Events,12715,Sporting Events,,,,
12521,Events,12713,Food & Drink Festivals,,,,
12521,Events,12714,Music Festivals,,,,
12521,Events,12711,Exhibitions,,,,
12521,Events,12712,Fireworks,,,,
12521,Events,12710,Cultural Events,,,,
21074,Unique Experiences,21754,Local Impact,,,,
21074,Unique Experiences,20253,Volunteer Tours,,,,
21635,Shows & Performances,21699,Waltz Dance Shows,,,,
21635,Shows & Performances,21698,Tribal Dance Shows,,,,
21778,Beach Access,9156,Beachfront,,,,
21911,Food & Drink,21482,Food & Drink Classes,21487,Pizza Making Classes,,
21911,Food & Drink,21482,Food & Drink Classes,21486,Pasta Making Classes,,
21911,Food & Drink,21482,Food & Drink Classes,21485,Paella Making Classes,,
21911,Food & Drink,21482,Food & Drink Classes,21484,Olive Oil Tasting,,
21911,Food & Drink,21482,Food & Drink Classes,21483,Mixology Classes,,
21911,Food & Drink,21482,Food & Drink Classes,21481,Cocktail Tastings,,
21911,Food & Drink,21482,Food & Drink Classes,21480,Candy Making Classes,,
21911,Food & Drink,21482,Food & Drink Classes,12034,Cooking Classes,,
21911,Food & Drink,21482,Food & Drink Classes,21489,Wine Making Workshops,,
21911,Food & Drink,21567,Food Tours,12037,Golf Tours & Tee Times,,
21911,Food & Drink,21567,Food Tours,12072,Running Tours,,
21911,Food & Drink,21567,Food Tours,20226,Markets,,
21911,Food & Drink,21567,Food Tours,21569,Farmers Markets,,
21911,Food & Drink,21567,Food Tours,20245,Street Food Tours,,
21911,Food & Drink,21567,Food Tours,21573,Taco Tours,,
21911,Food & Drink,21567,Food Tours,12053,Culinary Tours,,
21911,Food & Drink,21567,Food Tours,11891,Wine Tastings,,
21911,Food & Drink,21563,Desserts & Sweets,20205,Chocolate Tours,,
21911,Food & Drink,21563,Desserts & Sweets,21562,Dessert Tours,,
21911,Food & Drink,21563,Desserts & Sweets,21570,Pastry Tours,,
21911,Food & Drink,21560,Coffee & Tea,11946,High Tea,,
21911,Food & Drink,21560,Coffee & Tea,21561,Coffee Farm Tour,,
21911,Food & Drink,21560,Coffee & Tea,12073,Coffee & Tea Tours,,
21911,Food & Drink,21560,Coffee & Tea,21711,Coffee Cruises,,
21911,Food & Drink,21575,"Wine, Beer & Spirits",20211,Distillery Tours,,
21911,Food & Drink,21575,"Wine, Beer & Spirits",21559,Bar Tours,,
21911,Food & Drink,21575,"Wine, Beer & Spirits",11953,Beer & Brewery Tours,,
21911,Food & Drink,21575,"Wine, Beer & Spirits",20239,Sake Tasting,,
21911,Food & Drink,21575,"Wine, Beer & Spirits",21574,Wine Tours,,
21911,Food & Drink,21575,"Wine, Beer & Spirits",21572,Sake Brewery Tour,,
21911,Food & Drink,21575,"Wine, Beer & Spirits",12033,Pub Tours,,
21911,Food & Drink,21575,"Wine, Beer & Spirits",11891,Wine Tastings,,
21911,Food & Drink,21575,"Wine, Beer & Spirits",21489,Wine Making Workshops,,
21911,Food & Drink,11890,Dining Experiences,21578,Lunch,,
21911,Food & Drink,11890,Dining Experiences,21577,Brunch,,
21911,Food & Drink,11890,Dining Experiences,21576,Breakfast,,
21911,Food & Drink,11890,Dining Experiences,21571,Restaurants,,
21911,Food & Drink,11890,Dining Experiences,21579,Dinner,,
21911,Food & Drink,11890,Dining Experiences,21625,Luaus,,
21911,Food & Drink,11890,Dining Experiences,11965,Dinner Cruises,,
21911,Food & Drink,11890,Dining Experiences,11967,Brunch Cruises,,
21911,Food & Drink,11890,Dining Experiences,11964,Lunch Cruises,,
21911,Food & Drink,11890,Dining Experiences,21707,Breakfast Cruises,,
21911,Food & Drink,11890,Dining Experiences,11924,Dinner and Show Tickets,,
21913,"Tours, Sightseeing & Cruises",21725,Sightseeing Tours,11941,Private Sightseeing Tours,,
21913,"Tours, Sightseeing & Cruises",21725,Sightseeing Tours,21726,Skyscrapers & Towers,,
21913,"Tours, Sightseeing & Cruises",21725,Sightseeing Tours,20241,Sightseeing Passes,,
21913,"Tours, Sightseeing & Cruises",21725,Sightseeing Tours,21718,Observation Decks,,
21913,"Tours, Sightseeing & Cruises",21725,Sightseeing Tours,22046,Adventure Tours,,
21913,"Tours, Sightseeing & Cruises",21725,Sightseeing Tours,12075,City Tours,,
21913,"Tours, Sightseeing & Cruises",21725,Sightseeing Tours,12074,Skip the line Tickets,,
21913,"Tours, Sightseeing & Cruises",21725,Sightseeing Tours,12057,Night Tours,,
21913,"Tours, Sightseeing & Cruises",21725,Sightseeing Tours,12058,Hop on Hop Off Buses,,
21913,"Tours, Sightseeing & Cruises",21725,Sightseeing Tours,12052,Whale Watching,,
21913,"Tours, Sightseeing & Cruises",21725,Sightseeing Tours,21729,Sightseeing Cruises,,
21913,"Tours, Sightseeing & Cruises",21724,See it by Air,,,,
21913,"Tours, Sightseeing & Cruises",21732,Tours by Duration,20224,Layover Tours,,
21913,"Tours, Sightseeing & Cruises",21732,Tours by Duration,11922,Multi-day Tours,,
21913,"Tours, Sightseeing & Cruises",21732,Tours by Duration,11921,Overnight Tours,,
21913,"Tours, Sightseeing & Cruises",21732,Tours by Duration,11928,Full-day Tours,,
21913,"Tours, Sightseeing & Cruises",21732,Tours by Duration,11929,Half-day Tours,,
21913,"Tours, Sightseeing & Cruises",21732,Tours by Duration,11889,Day Trips,,
21913,"Tours, Sightseeing & Cruises",11938,Private and Luxury,11947,Viator Private Guides,,
21913,"Tours, Sightseeing & Cruises",11938,Private and Luxury,11955,Viator VIP Tours,,
21913,"Tours, Sightseeing & Cruises",11938,Private and Luxury,11954,Viator Exclusive Tours,,
21913,"Tours, Sightseeing & Cruises",21703,All Tours,,,,
21913,"Tours, Sightseeing & Cruises",21701,Cruises & Sailing,21768,Shore Excursions,,
21913,"Tours, Sightseeing & Cruises",21701,Cruises & Sailing,11963,Sunset Cruises,,
21913,"Tours, Sightseeing & Cruises",21701,Cruises & Sailing,367660,Port Pickup,,
21913,"Tours, Sightseeing & Cruises",21701,Cruises & Sailing,11885,Day Cruises,,
21913,"Tours, Sightseeing & Cruises",21701,Cruises & Sailing,12056,Ports of Call Tours,,
21913,"Tours, Sightseeing & Cruises",21701,Cruises & Sailing,20210,Dhow Cruises,,
21913,"Tours, Sightseeing & Cruises",21701,Cruises & Sailing,20204,Catamaran Cruises,,
21913,"Tours, Sightseeing & Cruises",21701,Cruises & Sailing,21709,Canal Cruises,,
21913,"Tours, Sightseeing & Cruises",21701,Cruises & Sailing,11888,Sailing,,
21913,"Tours, Sightseeing & Cruises",21701,Cruises & Sailing,11887,Night Cruises,,
21913,"Tours, Sightseeing & Cruises",21701,Cruises & Sailing,12071,Gondola Cruises,,
21913,"Tours, Sightseeing & Cruises",21701,Cruises & Sailing,12083,Multi-day Cruises,,
21913,"Tours, Sightseeing & Cruises",21701,Cruises & Sailing,11965,Dinner Cruises,,
21913,"Tours, Sightseeing & Cruises",21701,Cruises & Sailing,11967,Brunch Cruises,,
21913,"Tours, Sightseeing & Cruises",21701,Cruises & Sailing,11964,Lunch Cruises,,
21913,"Tours, Sightseeing & Cruises",21701,Cruises & Sailing,21707,Breakfast Cruises,,
21913,"Tours, Sightseeing & Cruises",21701,Cruises & Sailing,12052,Whale Watching,,
21913,"Tours, Sightseeing & Cruises",21701,Cruises & Sailing,21711,Coffee Cruises,,
21913,"Tours, Sightseeing & Cruises",21701,Cruises & Sailing,21729,Sightseeing Cruises,,
21913,"Tours, Sightseeing & Cruises",21710,City Attraction Tours,21714,GPS Car Tours,,
21913,"Tours, Sightseeing & Cruises",21715,How to Get Around,20206,Classic Car Tours,,
21913,"Tours, Sightseeing & Cruises",21715,How to Get Around,11970,Horse Carriage Rides,,
21913,"Tours, Sightseeing & Cruises",21715,How to Get Around,21721,Public Transportation Tours,,
21913,"Tours, Sightseeing & Cruises",21715,How to Get Around,21720,Rentals,,
21913,"Tours, Sightseeing & Cruises",21715,How to Get Around,21736,Luxury Car Tours,,
21913,"Tours, Sightseeing & Cruises",21715,How to Get Around,21734,Limousine Tours,,
21913,"Tours, Sightseeing & Cruises",21715,How to Get Around,21733,Car Tours,,
21913,"Tours, Sightseeing & Cruises",21715,How to Get Around,11930,Bus Tours,,
21913,"Tours, Sightseeing & Cruises",21715,How to Get Around,20255,Water Tours,,
21913,"Tours, Sightseeing & Cruises",21715,How to Get Around,20251,Tuk Tuk Tours,,
21913,"Tours, Sightseeing & Cruises",21715,How to Get Around,20250,Trolley Tours,,
21913,"Tours, Sightseeing & Cruises",21715,How to Get Around,20240,Sidecar Tours,,
21913,"Tours, Sightseeing & Cruises",21715,How to Get Around,20249,Trikke Tours,,
21913,"Tours, Sightseeing & Cruises",21715,How to Get Around,21704,Buggy Rentals,,
21913,"Tours, Sightseeing & Cruises",21715,How to Get Around,21702,Bike Tours,,
21913,"Tours, Sightseeing & Cruises",21715,How to Get Around,21713,E-Bike Tours,,
21913,"Tours, Sightseeing & Cruises",21715,How to Get Around,21712,Coach Tours,,
21913,"Tours, Sightseeing & Cruises",21715,How to Get Around,21708,Cable Car Tours,,
21913,"Tours, Sightseeing & Cruises",21715,How to Get Around,12032,Rail Tours,,
21913,"Tours, Sightseeing & Cruises",21715,How to Get Around,12042,Segway Tours,,
21913,"Tours, Sightseeing & Cruises",21715,How to Get Around,12041,Self-guided Tours,,
21913,"Tours, Sightseeing & Cruises",21715,How to Get Around,12046,Walking Tours,,
21913,"Tours, Sightseeing & Cruises",21715,How to Get Around,12010,Vespa Rentals,,
21913,"Tours, Sightseeing & Cruises",21715,How to Get Around,12068,"Vespa, Scooter & Moped Tours",,
21913,"Tours, Sightseeing & Cruises",21715,How to Get Around,11966,Glass Bottom Boat Tours,,
21913,"Tours, Sightseeing & Cruises",21715,How to Get Around,11968,Airboat Tours,,
21913,"Tours, Sightseeing & Cruises",21715,How to Get Around,21731,Speed Boat Rentals,,
21913,"Tours, Sightseeing & Cruises",21715,How to Get Around,12051,Duck Boat Tours,,
21913,"Tours, Sightseeing & Cruises",21715,How to Get Around,21722,Seaplane Tours,,
21913,"Tours, Sightseeing & Cruises",21715,How to Get Around,12026,Helicopter Tours,,
21913,"Tours, Sightseeing & Cruises",21715,How to Get Around,12025,Air Tours,,
21913,"Tours, Sightseeing & Cruises",21715,How to Get Around,12027,Hot Air Balloon Rides,,
21913,"Tours, Sightseeing & Cruises",21715,How to Get Around,20236,Pedicab Tours,,
21913,"Tours, Sightseeing & Cruises",21715,How to Get Around,11911,Mountain Bike Tours,,
21913,"Tours, Sightseeing & Cruises",21715,How to Get Around,12009,Bike Rentals,,
21913,"Tours, Sightseeing & Cruises",21715,How to Get Around,12076,Motorcycle Tours,,
21914,Travel & Transportation Services,21742,Services,11972,Airport Lounges,,
21914,Travel & Transportation Services,21742,Services,21753,Photo Shoots,,
21914,Travel & Transportation Services,21742,Services,21752,Wi-Fi Cards,,
21914,Travel & Transportation Services,21742,Services,12039,Shopping Tours,,
21914,Travel & Transportation Services,21749,Transportation,21751,Transportation Rentals,,
21914,Travel & Transportation Services,21749,Transportation,20238,Private Drivers,,
21914,Travel & Transportation Services,21749,Transportation,11916,Ferry Services,,
21914,Travel & Transportation Services,21749,Transportation,12059,Bus Services,,
21914,Travel & Transportation Services,21749,Transportation,12060,Rail Services,,
21914,Travel & Transportation Services,21745,Transfers,21741,Rail Transfers,,
21914,Travel & Transportation Services,21745,Transfers,11958,Private Transfers,,
21914,Travel & Transportation Services,21745,Transfers,21739,Private Residence Transfers,,
21914,Travel & Transportation Services,21745,Transfers,21735,Helicopter Transfers,,
21914,Travel & Transportation Services,21745,Transfers,11937,Port Transfers,,
21914,Travel & Transportation Services,21745,Transfers,20256,Water Transfers,,
21914,Travel & Transportation Services,21745,Transfers,12044,Airport & Hotel Transfers,,
21916,Seasonal & Special Occasions,11940,Once in a Lifetime Experiences,,,,
21916,Seasonal & Special Occasions,21584,Holidays,11957,Easter,,
21916,Seasonal & Special Occasions,21584,Holidays,11956,Day of the Dead,,
21916,Seasonal & Special Occasions,21584,Holidays,21582,Boxing Day,,
21916,Seasonal & Special Occasions,21584,Holidays,21580,Australia Day,,
21916,Seasonal & Special Occasions,21584,Holidays,21591,Thanksgiving,,
21916,Seasonal & Special Occasions,21584,Holidays,22111,Spring Break,,
21916,Seasonal & Special Occasions,21584,Holidays,22101,Carnival,,
21916,Seasonal & Special Occasions,21584,Holidays,22105,Lantern Festival,,
21916,Seasonal & Special Occasions,21584,Holidays,11892,Christmas,,
21916,Seasonal & Special Occasions,21584,Holidays,11893,Halloween,,
21916,Seasonal & Special Occasions,21584,Holidays,11896,New Years,,
21916,Seasonal & Special Occasions,21584,Holidays,11898,Valentine's Day Events,,
21916,Seasonal & Special Occasions,21593,Weddings & Celebrations,11939,Romantic Tours,,
21916,Seasonal & Special Occasions,21593,Weddings & Celebrations,21589,Wedding Ceremonies,,
21916,Seasonal & Special Occasions,21593,Weddings & Celebrations,21586,Island Packages,,
21916,Seasonal & Special Occasions,21593,Weddings & Celebrations,11915,Honeymoon Packages,,
21916,Seasonal & Special Occasions,21593,Weddings & Celebrations,11914,Wedding Packages,,
21916,Seasonal & Special Occasions,21592,Seasonal,21587,Spring,,
21916,Seasonal & Special Occasions,21592,Seasonal,21581,Autumn / Fall,,
21916,Seasonal & Special Occasions,21592,Seasonal,21590,Winter,,
21916,Seasonal & Special Occasions,21592,Seasonal,22106,Cherry Blossom,,
22097,Viator Experience Awards,22170,Viator Experience Award 2023,,,,
22097,Viator Experience Awards,22169,Viator Experience Award 2022,,,,
22097,Viator Experience Awards,367648,Viator Experience Award 2024,,,,
22097,Viator Experience Awards,367655,Viator Experience Award 2025,,,,